code;name;net;status;order;clazz;active
N230101954000011;www.moto-viraj.ru, ИП Пиценко С.Е., г. Славянск-на-Кубани, ул. Ковтюха, д. 95-а;Независимые торговцы;Зарегистрирована в системе;3 порядок;3 порядок;Заблокирована
N230105581000001;Автоприцепы ИП Новоселов Г.Н. ,ул. Полковая 256;Независимые торговцы;Зарегистрирована в системе;3 порядок;4 порядок;Активна
N230106326000002;Instagram_okna_slavyansk_ИП Миненков Ю.М., Славянск-на-Кубани г, Красная ул, д. 68;Независимые торговцы;Зарегистрирована в системе;3 порядок;3 порядок;Активна
N230101203001;Кубань Охота, г. Славянск-на-Кубани, ул. Ковтюха, д. 47, к. а;Независимые торговцы;Документы получены;3 порядок;3 порядок;Активна
N2301104002;Омега, ИП Назрова Т.В., г. Славянск-на-Кубани, ул. Ковтюха, д. 42;Независимые торговцы;Документы получены;3 порядок;3 порядок;Активна
N2301974001;"""Спутник"" в х.Трудобеликовский, ИП Егоров В.И., х. Трудобеликовский, ул. Ленина, д. 67, кор. г";Независимые торговцы;Документы получены;3 порядок;3 порядок;Активна
N230101137001;"магазин ""Одисей моторс"", ИП Мезенок С.Д., г. Славянск-на-Кубани, ул. Щорса, д. 264, кор. а";Независимые торговцы;Документы получены;3 порядок;4 порядок;Активна
N230101030001;"Магазин ""Вирус"", ИП Латыш М.М., г. Славянск-на-Кубани, ул. Отдельская, д. 225";Независимые торговцы;Документы получены;3 порядок;3 порядок;Активна
N230104735000001;"Магазин ""Вега"", ИП Травникова Г.П., г. Славянск-на-Кубани, ул. Ковтюха, д. 78";Независимые торговцы;Документы получены;3 порядок;3 порядок;Активна
N230105364000001;Тук-Тук, ИП Залян М.Г., г. Славянск-на-Кубани г, ул. Ленина, 118;ЭКСПЕРТ-РИТЕИЛ Брокер;Зарегистрирована в системе;3 порядок;Брокер;Активна
N230103269000001;"""Старт"" ИП Фрунза В.И.,  Краснодарский край, ст.Полтавская, ул.Ковтюха, д.90";Независимые торговцы;Документы получены;3 порядок;4 порядок;Активна
N230103390000001;"""Мебель Белоруссии"" ИП Новотельнов Н.В., г.Славянск-на-Кубани, ул. Троицкая, д.216";Независимые торговцы;Документы получены;3 порядок;3 порядок;Активна
N230104482000001;"""Теплодаръ"", ИП Крыхтин С.В., г. Славянск-на-Кубани, ул. Лермонтова, д. 216-а";Независимые торговцы;Документы получены;3 порядок;3 порядок;Активна
N230103300000001;"""МК Комфорт"" ООО ""МК Комфорт""   Краснодарский край, г. Славянск-на-Кубани, ул. Пионерская, д.14";Независимые торговцы;Документы получены;3 порядок;4 порядок;Заблокирована
N230102768000001;"""Муравей"", ИП Базик М.В., г. Славянск-на-Кубани, ул. Ковтюха, д. 125";Независимые торговцы;Документы получены;3 порядок;4 порядок;Активна
N230104122000001;"""Кубань Охота"" ИП Чуян Т.Е.,г.Славянск-на-Кубани,ул.Ковтюха,д.47А";Независимые торговцы;Документы получены;3 порядок;3 порядок;Активна
N230104169000001;"""Магистраль"" , ИП Федин С.В., г.Славянск-на-Кубани, ул.Пролетарская,д.252";Независимые торговцы;Документы получены;3 порядок;3 порядок;Активна
N2301762001;ТЦ Станичный, ПО КАМАВТОРЕСУРС, ст. Полтавская, ул. Жлобы, д. 55;Независимые торговцы;Документы получены;3 порядок;3 порядок;Активна
N2301150001;Керамика в Славянске, ИП Слепуха С.А., г. Славянск-на-Кубани, ул. Школьная, д. 204;Независимые торговцы;Документы получены;3 порядок;4 порядок;Активна
N230104639000001;"""Кухни Дэлия"", ИП Бугайчук И.Я., г. Славянск-на-Кубани, ул. Ковтюха, д. 78";ДРИАДА;Документы получены;3 порядок;4 порядок;Активна
N230101258000001;Мобильник, ИП Залян Х.Г., г. Славянск-на-Кубани, ул. Промышленная, д. 35А;Независимые торговцы;Документы получены;3 порядок;3 порядок;Заблокирована
N230103522000001;"Магазин ""Имидж"" , ИП Кожемякина С.Н., г.Славянск-на-Кубани, ул.Ленина, д.113";Независимые торговцы;Документы получены;3 порядок;4 порядок;Активна
N230103665000002;"Ювелирный магазин ""Корона"", ИП Кучерова Н.Г., г. Славянск-на-Кубани, ул. Ковтюха ,д. 19";Независимые торговцы;Зарегистрирована в системе;3 порядок;4 порядок;Активна
N230104667000002;"""Мобильник"", ИП Залян Х.Г., г. Славянск-на-Кубани, ул. Промышленная, д. 35А";Независимые торговцы;Зарегистрирована в системе;3 порядок;Брокер;Заблокирована
N230103427000001;"Магазин "" Мастер"" ИП Кучумов И.А. Краснодарский край, ст.Полтавская, ул. Интернациональная, д.190/3";Независимые торговцы;Документы получены;3 порядок;3 порядок;Активна
N230104351000001;Мебель Grazia, ИП Колесник Ю.В., х.Трудобеликовский, ул.Ленина,д.8\1;Независимые торговцы;Зарегистрирована в системе;3 порядок;4 порядок;Активна
N230104305000001;"Шанс и С, ООО ""ШАНС И С СЛАВЯНСКОЕ"",г.Славянск-на-Кубани, ул.Красная, д.66 А";Шанс и С;Зарегистрирована в системе;3 порядок;4 порядок;Активна
N230102556000001;"""Мир Комфорта"" ИП Лукьяненко А.В.";Независимые торговцы;Документы получены;3 порядок;4 порядок;Заблокирована
N230103490000001;Мебельный салон ИП Эприкян Д.Р. х.Трудобеликовский, ул.Ленина, д.5;Независимые торговцы;Документы получены;3 порядок;4 порядок;Активна
N230102041000001;"""Мото-Вело"", ИП Сидоренко Е.Н., х. Трудобеликовский, ул. Ленина, д. 9, кор. 1";Независимые торговцы;Документы получены;3 порядок;4 порядок;Активна
N230104976000001;"""Док-Лес"",  ИП Фитисова Е.А., ст. Полтавская, ул. Народная, дом 2";Независимые торговцы;Зарегистрирована в системе;3 порядок;4 порядок;Активна
N230101137000001;"Магазин ""Мотозапчасти"" ИП Мезенок С.Д., ст. Петровская, ул. Красная, д. 52";Независимые торговцы;Документы получены;3 порядок;4 порядок;Заблокирована
N2301475004;Веломототехника Stels;Независимые торговцы;Документы получены;3 порядок;3 порядок;Заблокирована
N230104624000001;"""Best mebel"", ИП Резвушкина Д.Н., г. Славянск-на-Кубани, ул. Дзержинского, д. 269/2";Независимые торговцы;Документы получены;3 порядок;3 порядок;Активна
N230104156000003;"""Мир окон и дверей"", ИП Кателинец А.В., ст. Полтавская, ул. Жлобы, д. 53";Независимые торговцы;Документы получены;3 порядок;4 порядок;Заблокирована
N230101258001;Мобильник;Независимые торговцы;Документы получены;3 порядок;3 порядок;Активна
N230101829000011;"Магазин ""Тысяча мелочей"" ООО ""Универмаг"" Красноармейского РПС, ст.Полтавская, ул.Красная, д.133";Независимые торговцы;Документы получены;3 порядок;4 порядок;Заблокирована
N230101596001;"Магазин ""Велена"", ИП Ващенко Е.Е., г.Славянск-на-Кубани, ул. Дзержинского, д. 263";Независимые торговцы;Документы получены;3 порядок;4 порядок;Активна
N230103710000001;"Торговый павильон ""МОТО-ТЕХНИКА"" ИП Кочегаров А.А., х.Трудобеликовский, ул.Ленина, д.9/1, литер А, 13";Независимые торговцы;Документы получены;3 порядок;3 порядок;Активна
N2301475001;"Магазин"" Stealth"" ИП Федюн Ю.А.";Независимые торговцы;Документы получены;3 порядок;3 порядок;Активна
N230102589000001;Электросвет  ИП Еременко В.В. Славянск-на-Кубани;Независимые торговцы;Документы получены;3 порядок;3 порядок;Активна
N230101874000001;"ТСЦ ""Виктория"" х. Трудобеликовский, ИП Середа С.Н., х. Трудобеликовский, ул. Ленина, д. 9";Независимые торговцы;Документы получены;3 порядок;4 порядок;Активна
N2301104001;Мир музыки в Славянске-на-Кубани;Независимые торговцы;Документы получены;3 порядок;3 порядок;Заблокирована
N230104122000002;"""Автозапчасти"" ИП Чуян Т.Е.,г.Славянск-на-Кубани,ул.Ковтюха,д.16";Независимые торговцы;Документы получены;3 порядок;4 порядок;Заблокирована
N230104194000002;"""Dozor23"", ИП Завгородний В.В., г. Славянск-на-Кубани, ул. Победы ,д. 196А";Независимые торговцы;Зарегистрирована в системе;3 порядок;4 порядок;Активна
N230102990000001;Фронт, ИП Никитенко Г.Л., г. Славянск-на-Кубани, ул. Ленина, д. 113, к. 1, офис 15;Независимые торговцы;Документы получены;3 порядок;4 порядок;Активна
N230103001000001;Мебельный цех СКМ, ИП Саакян К.М., г. Славянск-на-Кубани, ул. Красная, д. 180, кв. 1;Независимые торговцы;Документы получены;3 порядок;3 порядок;Активна
N230103703000002;"Торговый павильон ""Садовод"", ИП Строева Ю.Ю., г.Славянск-на-Кубани,ул.Красная,д.145/12";Независимые торговцы;Документы получены;3 порядок;3 порядок;Заблокирована
N230103472000002;"""Теплицы Юга"", ИП Хорошун С.Л., г. Славянск-на-Кубани, ул. Красная, д. 152";Независимые торговцы;Документы получены;3 порядок;4 порядок;Активна
N230102737000001;"""Империя мебели"", ИП Жамерко С.В., г. Славянск-на-Кубани, ул. Дзержинского, д. 269/1";Независимые торговцы;Документы получены;3 порядок;4 порядок;Активна
N230102887000001;"""Мастер 12 Вольт"" ИП Пазынич А.А., х. Трудобеликовский, ул. Ленина, д. 178, к. А";Независимые торговцы;Документы получены;3 порядок;4 порядок;Активна
N230104362000001;"""Инновации комфорта"", ИП Крамаренко В.В., г.Славянск-на-Кубани,ул.Батарейная,д.305";Независимые торговцы;Зарегистрирована в системе;3 порядок;4 порядок;Активна
N2301232001;Все для дома в Петровской;Независимые торговцы;Зарегистрирована в системе;3 порядок;3 порядок;Заблокирована
N230103703000001;"Торговый павильон ""Садовод"" ИП Строева Ю.Ю., г.Славянск-на-Кубани, ул.Красная, д.145/11";Независимые торговцы;Документы получены;3 порядок;3 порядок;Заблокирована
N230104094000001;"""Стройторг"" ООО ""Стройторг"", г.Славянск-на-Кубани, ул.Ленина, д.33";Независимые торговцы;Документы получены;3 порядок;3 порядок;Активна
N230104297000001;Кровельные материалы, ИП Антощук В.И., Краснодарский край, х.Трудобеликовский,ул.Ленина, д.67,владение 1;Независимые торговцы;Документы получены;3 порядок;4 порядок;Активна
N230102768000002;"""Муравей"" ИП Базик М.В. Крымск";Независимые торговцы;Документы получены;3 порядок;3 порядок;Заблокирована
N230104667000003;" ""Мобильник"", ИП Залян Х.Г., х. Трудобеликовский, ул. Ленина, д. 5";ЭКСПЕРТ-РИТЕИЛ Брокер;Зарегистрирована в системе;3 порядок;Брокер;Активна
N230103775000001;"Магазин ""Музыкант"" ИП Шевченко А.В., г.Славянск-на-Кубани, ул.Красная, д.64";Независимые торговцы;Документы получены;3 порядок;4 порядок;Активна
N230101954000001;"Магазин ""Вираж"", ИП Пиценко С.Е., г. Славянск-на-Кубани, ул. Ковтюха, д. 95-а";Независимые торговцы;Документы получены;3 порядок;3 порядок;Активна
N230104757000001;"""Евроспорт"", ИП Баренкова Л.И., г. Славянск-на-Кубани, ул. Ковтюха, д. 74/2";Независимые торговцы;Зарегистрирована в системе;3 порядок;4 порядок;Активна
N230103703000003;"""Мотобензотехника"" ИП Строева Ю.Ю., г. Славянск-на-Кубани, ул. Красная, д.145";Независимые торговцы;Зарегистрирована в системе;3 порядок;3 порядок;Активна
N230101912000011;Чемпион, ИП Доронина М.Н., г. Славянск-на-Кубани, ул. Школьная, д. 328;Независимые торговцы;Зарегистрирована в системе;3 порядок;4 порядок;Активна
N230101829000001;"Магазин ""Мебель"", ООО ""Универмаг"", ст. Полтавская, ул. Красная, д. 133";Независимые торговцы;Документы получены;3 порядок;4 порядок;Активна
N230102600000001;"""Мото-бензо"", ИП Пономаренко И.В., х. Трудобеликовский, ул. Ленина, д. 9";Независимые торговцы;Документы получены;3 порядок;4 порядок;Активна
N230105233000001;ДОМОВОЙ_ИП Еременко А.В._г_Славянск-на-Кубани_ул_Ковтюха_д_109;Независимые торговцы;Зарегистрирована в системе;3 порядок;4 порядок;Активна
N230103665000001;"Ювелирный магазин ""КАМЕЯ"" ИП Кучерова Н.Г., г.Славянск-на-Кубани, ул.Ковтюха, д.39";Независимые торговцы;Документы получены;3 порядок;4 порядок;Активна
N230104194000001;"""Системы безопасности"", ИП Завгородний В.В., г.Славянск-на-Кубани, ул.Ленина,д.111";Независимые торговцы;Документы получены;3 порядок;4 порядок;Заблокирована
N230104535000001;"Магазин ""CITY"", ИП Маркушин С.В., г. Славянск-на-Кубани, ул. Школьная, д. 264";Независимые торговцы;Документы получены;3 порядок;4 порядок;Активна
N230102556000002;"""Главный инженер"", ИП Лукьяненко А.В., г. Славянск-на-Кубани, ул. Красная, д. 162/4";Независимые торговцы;Документы получены;3 порядок;4 порядок;Заблокирована
N230101874000011;"ТСЦ ""Виктория"" ИП Середа С.Н., г.Славянск-на-Кубани, ул.Школьная, д.339";Независимые торговцы;Документы получены;3 порядок;4 порядок;Заблокирована
N230103517000001;"Магазин ""Лидер"" ИП Гараж А.И.  ст.Петровская, ул.Красная, д.29";Независимые торговцы;Документы получены;3 порядок;3 порядок;Активна
N230103842000001;"""Строй-Маркет"" ООО ""СТРОЙ-МАРКЕТ"", г.Славянск-на-Кубани, ул.Ленина, д.33";Независимые торговцы;Документы получены;3 порядок;3 порядок;Активна
N230104156000002;"""Мир дверей"", ИП Кателинец А.В., г.Славянск-на-КУбани, ул.Ковтюха,д.123";Независимые торговцы;Зарегистрирована в системе;3 порядок;4 порядок;Заблокирована
N2301232002;Магазин Вектор, ИП Журбин, г. ст. Петровская, ул. Ворошилова, д. 42, к. 2;Независимые торговцы;Зарегистрирована в системе;3 порядок;3 порядок;Активна
N230101596000001;"Магазин ""Лидер""  ИП Ващенко Е.Е., г.Славянск-на-Кубани, ул.Полковая, д.257";Независимые торговцы;Документы получены;3 порядок;4 порядок;Активна
N230102105000001;"""Жемчужина"" в ст. Полтавская, ИП Прусс Т.Ю., ст. Полтавская, ул. Красная, д. 133";Независимые торговцы;Документы получены;3 порядок;4 порядок;Активна
N230102430000001;Stihl, ИП Тельнов В.А., г. Славянск-на-Кубани, ул. Пролетарская, д. 49;Независимые торговцы;Документы получены;3 порядок;3 порядок;Активна
N230103165000002;"""Фабрика тепла"", ИП Сухомлин Д.В., г. Славянск-на-Кубани, ул. Ленина, д. 83";Независимые торговцы;Зарегистрирована в системе;3 порядок;4 порядок;Активна
N230104871000001;Турагенство PEGAS Touristik, ИП Арнаутова Д.Ю., г. Славянск-на-Кубани, ул. Красная, д. 66;Независимые торговцы;Зарегистрирована в системе;3 порядок;4 порядок;Активна
N230103209000001;"""Компас"", ИП Богма А.Н., ст.Петровская, ул. Красная, д. 28-а";Независимые торговцы;Документы получены;3 порядок;3 порядок;Активна
N230104959000001;"""Ростовские окна"",  ИП Мизанова И.А., г. Славянск-на-Кубани, ул.  ул. Ленина, дом 62/1";Независимые торговцы;Зарегистрирована в системе;3 порядок;3 порядок;Активна
N230104606000001;"Магазин ""Тройка"" ИП Кабыщенко Е.В., г. Славянск-на-Кубани, ул. Краснодарская, д. 265";Независимые торговцы;Документы получены;3 порядок;3 порядок;Активна
N230103472000001;Специализированный центр теплоизоляции ИП Хорошун С.Л.  Краснодарский край, г.Славянск-на-Кубани, ул.Вокзальная, д.21;Независимые торговцы;Документы получены;3 порядок;4 порядок;Заблокирована
N230104667000001;"""Мобильник"", ИП Залян Х.Г., г. Славянск-на-Кубани, ул. Красная, д. 42";ЭКСПЕРТ-РИТЕИЛ Брокер;Документы получены;3 порядок;Брокер;Активна
N2301143001;"""Пульсар"", ИП Сизоненко В.И., ст. Полтавская, ул. Красная, д. 133";Независимые торговцы;Документы получены;3 порядок;4 порядок;Активна
N2301475002;"Магазин ""Stels-2"" ИП Федюн Ю.А.";Независимые торговцы;Документы получены;3 порядок;3 порядок;Заблокирована
N230103165000001;"""Фабрика тепла"" ИП Сухомлин Д.В. х.Трудобеликовкий";Независимые торговцы;Документы получены;3 порядок;3 порядок;Заблокирована
N230104015000001;"Магазин ""Карат"" ИП Коток П.С., г. Славянск-на-Кубани, ул. Ковтюха, д. 30";Независимые торговцы;Документы получены;3 порядок;4 порядок;Активна
N230102556000003;"""ТермоКомфорт"", ИП Лукьяненко А.В., г. Славянск-на-Кубани, ул. Стаханова, дом 226А";Независимые торговцы;Зарегистрирована в системе;3 порядок;4 порядок;Активна
N2301475003;"Магазин ""Веломототехника Stels"" Трудобелики";Независимые торговцы;Документы получены;3 порядок;3 порядок;Заблокирована
N230104156000001;"""Мир окон"", ИП Кателинец А.В., г. Славянск-на-КУбани, ул. Ковтюха, д. 123/1";Независимые торговцы;Документы получены;3 порядок;4 порядок;Активна
N230102572000001;"""Googolplex"", ИП Селепанов С.А., г. Славянск-на-Кубани, ул. Ковтюха, д. 55";Независимые торговцы;Документы получены;3 порядок;4 порядок;Активна
N230105448000001;ДОН ИНТЕР, ИП Кисиль Д.И., х. Трудобеликовский, ул. Ленина, д. 9/1;Независимые торговцы;Зарегистрирована в системе;3 порядок;4 порядок;Активна
N230102686000001;"""Завод кровельных материалов"" ИП Анцупов Д.Л. в Трудобеликовком";Независимые торговцы;Документы получены;3 порядок;4 порядок;Активна
N230101912000001;"Магазин ""Чемпион"" х. Трудобеликовский ИП Доронина М.Н.";Независимые торговцы;Документы получены;3 порядок;4 порядок;Заблокирована
N230103389000001;"ТЦ""Москва"" ИП Шапарь А.В.  Краснодарский край, г.Славянск-на-Кубани, ул.Ленина, д.113/1";Независимые торговцы;Зарегистрирована в системе;3 порядок;4 порядок;Активна
N230103300000002;"""МК Комфорт"" ООО ""МК Комфорт"", г. Славянск-на-Кубани, ул. Ковтюха, д. 43";Независимые торговцы;Документы получены;3 порядок;4 порядок;Активна
N230105739000001;Медиа Смарт, ИП Осадчая Т.В. г. Славянск-на-Кубани, ул. Ковтюха, д. 140;Независимые торговцы;Зарегистрирована в системе;3 порядок;3 порядок;Активна
N230106326000001;"""Качественные окна"" ИП Миненков Ю.М., Славянск-на-Кубани г, Красная ул, д. 64";Независимые торговцы;Зарегистрирована в системе;3 порядок;3 порядок;Активна
N230105848000002;ТЦ Золотой Ключик, ИП Федюн В.Г. г. Славянск-на-Кубани, ул. Ковтюха, д. 152;Независимые торговцы;Зарегистрирована в системе;3 порядок;4 порядок;Активна
N230105848000001;ТЦ Золотой Ключик, ИП Федюн В.Г. ст. Полтавская, ул. Ковтюха, 119, литер А;Независимые торговцы;Зарегистрирована в системе;3 порядок;4 порядок;Активна
N230103472000003;www.теплицы-юга.рф_Хорошун С.Л., Славянск-на-Кубани г, Красная ул, д. 162;Независимые торговцы;Зарегистрирована в системе;3 порядок;4 порядок;Активна
N230104882000001;"Турагенство Coral Travel, ООО ""АЛТУР"", г. Славянск-на-Кубани, ул. Ковтюха, д. 27, помещение 2";Coral Travel;Зарегистрирована в системе;3 порядок;3 порядок;Активна
N230104482000002;Банные Печи Теплодаръ,ИП Крыхтин С.В.,г.Славянск-на-Кубани,ул.Лермонтова,д.216-б, пом.1;Независимые торговцы;Документы получены;3 порядок;3 порядок;Активна
N230106518000002;Instagram_damat_mebel_ИП Шевердин И.И. Славянск-на-Кубани г, Красная ул, д. 164/2;Независимые торговцы;Зарегистрирована в системе;3 порядок;3 порядок;Активна
N230106518000003;Мебель из Белоруссии, ИП Шевердин И.И., Славянск-на-Кубани г, Юных Коммунаров ул, д. 69А;Независимые торговцы;Зарегистрирована в системе;3 порядок;3 порядок;Активна
N230106518000001;ДаМат мебель ИП Шевердин И.И. Славянск-на-Кубани г, Красная ул, д. 164/2;Независимые торговцы;Зарегистрирована в системе;3 порядок;3 порядок;Активна
N230105668000001;КАМЕЯ, ИП Кучерова Н.Г., г. Славянск-на-Кубани, ул. Ковтюха, д. 39;ЭКСПЕРТ-РИТЕИЛ Брокер;Зарегистрирована в системе;3 порядок;Брокер;Активна
N230106517000002;Instagram_iMarket_store, ИП Сидоров В.А., Петровская ст-ца, Красная ул, д. 41/5;Независимые торговцы;Зарегистрирована в системе;3 порядок;4 порядок;Активна
N230106517000001;iMarket_store, ИП Сидоров В.А., Петровская ст-ца, Красная ул, д. 41/5;Независимые торговцы;Зарегистрирована в системе;3 порядок;3 порядок;Активна
N230101912000012;Instagram_magchempion_ИП Доронина М.Н., Славянск-на-Кубани г, Школьная ул, д. 328;Независимые торговцы;Зарегистрирована в системе;3 порядок;4 порядок;Активна
N230104362000002;"""Инновации комфорта"", ИМ, ИП Крамаренко В.В., г.Славянск-на-Кубани,ул.Батарейная,д.305";Независимые торговцы;Зарегистрирована в системе;3 порядок;4 порядок;Активна
N230102572000002;"""Googolplex"", ИМ, ИП Селепанов С.А., г. Славянск-на-Кубани, ул. Ковтюха, д. 55";Независимые торговцы;Зарегистрирована в системе;3 порядок;3 порядок;Заблокирована
N230103703000004;"""Мотобензотехника"", ИМ, ИП Строева Ю.Ю., г. Славянск-на-Кубани, ул. Красная, д.145";Независимые торговцы;Зарегистрирована в системе;3 порядок;3 порядок;Активна
N2301553000001;"""Эльдорадо"", ИМ, ИП Сизоненко М.В., ст. Полтавская, ул. Базарная, д. 4";Независимые торговцы;Зарегистрирована в системе;3 порядок;4 порядок;Активна
N2301143000001;"""Пульсар"", ИМ, ИП Сизоненко В.И., ст. Полтавская, ул. Красная, д. 133";Независимые торговцы;Зарегистрирована в системе;3 порядок;4 порядок;Активна
N230102737000002;"ТТ ""Империя мебели"".ИП Жамерко С.В., г. Славянск-на-Кубани, ул. Ленина, д. 38 А";Независимые торговцы;Зарегистрирована в системе;3 порядок;4 порядок;Заблокирована
N230104351000002;Instagram_kuhnia_svoimi_rukami_slav_ИП Колесник Ю.В., Славянск-на-Кубани г, Больничная ул, д. 18;Независимые торговцы;Зарегистрирована в системе;3 порядок;4 порядок;Активна
N230106207000002;Автозвук, ИП Лукьянов Ю.В., Трудобеликовский х, Ленина ул, д. 9/1, офис 57;Независимые торговцы;Зарегистрирована в системе;3 порядок;4 порядок;Активна
N230106257000001;rbt.ru, ИП Ширинян Д.Р., ст-ца Полтавская, ул Красная, д. 127;Франчайзер rbt.ru;Зарегистрирована в системе;3 порядок;Брокер;Активна
N230101030000001;Instagram_magazinvirus_ИП Латыш М.М., Славянск-на-Кубани г, Отдельская ул, д. 225;Независимые торговцы;Зарегистрирована в системе;3 порядок;4 порядок;Активна
N230106344000001;Скорпион, ИП Григорьев Э.В. г. Славянск-на-Кубани, ул. Ковтюха, д. 113;Независимые торговцы;Зарегистрирована в системе;3 порядок;4 порядок;Активна
N230102041000011;Мото-Эксперт, ИП Сидоренко Е.Н., г. Славянск-на-Кубани г, Ленина ул, д. 129А;Независимые торговцы;Зарегистрирована в системе;3 порядок;4 порядок;Активна
N230102556000004;Instagram_termo_komfort_ИП Лукьяненко А.В., г. Славянск-на-Кубани, ул. Стаханова, дом 226А;Независимые торговцы;Зарегистрирована в системе;3 порядок;4 порядок;Активна
N230106343000001;ZIP MARKET ИП Черепанов Д.Д., Полтавская ст-ца, Народная ул, д. 45;Независимые торговцы;Зарегистрирована в системе;3 порядок;4 порядок;Активна
N230106343000002;www.zipmarket.online_ИП Черепанов Д.Д., Полтавская ст-ца, Народная ул, д. 45;Независимые торговцы;Зарегистрирована в системе;3 порядок;4 порядок;Активна
N230103389000002;"КЦ_ТЦ""Москва"", ИП Шапарь А.В. Краснодарский край, г.Славянск-на-Кубани, ул.Ленина, д.113/1";Независимые торговцы;Зарегистрирована в системе;3 порядок;4 порядок;Активна
N230102041000012;Instagram_moto_expert_snk_ИП Сидоренко Е.Н., г. Славянск-на-Кубани г, Ленина ул, д. 129А;Независимые торговцы;Зарегистрирована в системе;3 порядок;4 порядок;Активна
N230102105000011;Instagram_goldsilverrussia_ИП Прусс Т.Ю., Полтавская ст-ца, Красная ул, д. 133;Независимые торговцы;Зарегистрирована в системе;3 порядок;4 порядок;Активна
N230106429000001;Спутник, ИП Гребельник Е.В., Трудобеликовский х, Ленина ул, д. 67Г;Независимые торговцы;Зарегистрирована в системе;3 порядок;3 порядок;Активна
N230106207000001;Instagram_decibel_snk_Автозвук, ИП Лукьянов Ю.В., Трудобеликовский х, Ленина ул, д. 9/1, офис 57;Независимые торговцы;Зарегистрирована в системе;3 порядок;4 порядок;Активна
N230102737000004;SV-Мебель, ИП Жамерко С.В.,Полтавская ст-ца, Народная ул, д. 16/6;Независимые торговцы;Зарегистрирована в системе;3 порядок;4 порядок;Активна
N230102737000003;Instagram_svmebel_kubani23_ИП Жамерко С.В., Славянск-на-Кубани г, Юных Коммунаров ул, д. 109;Независимые торговцы;Зарегистрирована в системе;3 порядок;4 порядок;Активна
N230102737000005;SV-Мебель, ИП Жамерко С.В., Славянск-на-Кубани г, Юных Коммунаров ул, д. 109;Независимые торговцы;Зарегистрирована в системе;3 порядок;4 порядок;Активна
N230101983000001;Ноутбук-центр, ИП Пупышев В.Ю., г. Славянск-на-Кубани, ул. Ковтюха, д. 44;Независимые торговцы;Документы получены;3 порядок;4 порядок;Активна
N2301553001;"""Эльдорадо"", ИП Сизоненко М.В., ст. Полтавская, ул. Базарная, д. 4";Независимые торговцы;Документы получены;3 порядок;4 порядок;Активна
N770105978000229;14-09 Leran Basic  ООО Кредитные Системы  г Славянск-на-Кубани ул Ленина д.17;Leran Basic;Зарегистрирована в системе;3 порядок;Брокер;Активна
N230501016000006;Теле 2 (брокер) , ИП Тербалян О.Ю., г. Славянск-на-Кубани, ул. Красная 2;Теле 2 Брокер;Зарегистрирована в системе;3 порядок;Брокер;Активна
N260102830000024;МЕБЕЛЬ ГЛОРИЯ, ИП Каландина Е.Г., г. Славянск-на-Кубани, ул. Отдельская, д. 229;Глория;Зарегистрирована в системе;3 порядок;4 порядок;Активна
N230106128000019;"www.cto1.ru, ООО ""СЕРВИС-ЮГ-ККМ"", г Славянск-на-Кубани, ул Ленина, д. 29";Независимые торговцы;Зарегистрирована в системе;3 порядок;4 порядок;Активна
N770104725000070;БИЛАЙН, ИП Крикотин Д.В., г. Славянск-на-Кубани, ул. Красная, д. 4;Независимые торговцы;Зарегистрирована в системе;3 порядок;Брокер;Активна
N2501015020002779;"ДНС БРОКЕР, ООО ""ДНС РИТЕЙЛ"", ст-ца Полтавская, ул Народная, д. 16/6";ДНС БРОКЕР;Зарегистрирована в системе;3 порядок;Брокер;Активна
N770104781000002;Версаль ИП Мавельянов С.А., Славянск-на-Кубани г, Ковтюха ул, дом 17;Независимые торговцы;Зарегистрирована в системе;3 порядок;4 порядок;Активна
N770102741000120;585_Славянск-на-Кубани_Дзержинского_268;Золотой 585 - (БРОКЕР);Зарегистрирована в системе;3 порядок;Брокер;Активна
N770105016000034;Мебель ТУТ_ИП Казурова А.В._ст. Полтавская, ул. Ковтюха_д. 121-1;Мебель Тут;Зарегистрирована в системе;3 порядок;4 порядок;Активна
N770103809010006;Кронар г. Славянск-на-Кубани, ул. Ковтюха, д. 46;СИТИЛИНК;Зарегистрирована в системе;3 порядок;4 порядок;Активна
N260103098000003; Victoria Stenova, ИП Русских И.В., г. Славянск-на-Кубани, ул. Ленина, д. 44;Независимые торговцы;Зарегистрирована в системе;3 порядок;3 порядок;Активна
N770105382000256;ИП Пупышев Владислав Юрьевич,Prostore23,Краснодарский край,г.Славянск-на-Кубани,ул.Ковтюха, д.25;КБМ онлайн;Зарегистрирована в системе;3 порядок;Брокер;Активна
N7701066440007858;14-09 Золото России ИП Дерягина Е.К. Краснодарский край Темрюк г Розы Люксембург ул 61;ЭКСПЕРТ-РИТЕИЛ Брокер;Зарегистрирована в системе;3 порядок;Брокер;Активна
N770105978000550;14-09 Leran Basic ООО Кредитные Системы ст-ца Полтавская ул Красная д 127;Leran Basic;Зарегистрирована в системе;3 порядок;Брокер;Активна
N770103106000006;"""Сервис-ЮГ-ККМ"" ООО ""СЕРВИС-ЮГ-ККМ"", г.Славянск-на-Кубани, ул.Ленина, д.29";Независимые торговцы;Зарегистрирована в системе;3 порядок;3 порядок;Активна
N770103914013001;Интернет-магазин Кронар г. Славянск-на-Кубани, ул. Ковтюха, д. 46;СИТИЛИНК;Зарегистрирована в системе;3 порядок;Брокер;Активна
N770104725000047;МТС, ИП Крикотин Д.С., ст. Полтавская, ул. Интернациональная, д. 190, стр. 15;Независимые торговцы;Зарегистрирована в системе;3 порядок;Брокер;Активна
N2501015020002762;14-09 ДНС БРОКЕР ООО ДНС Ритейл ст-ца Полтавская ул Народная д 16;ДНС БРОКЕР;Зарегистрирована в системе;1,2 порядок;Брокер;Активна
N770104426000001;Kercher Славянск-на-Кубани, ИП Тихполоз Ф.Ф., г. Славянск-на-Кубани, ул. Батарейная, д. 262;Karcher_ТехноРаум;Зарегистрирована в системе;3 порядок;4 порядок;Активна
N770105525000003;Алмаз Холдинг, ИП Гумеров А.Ф., г.Славянск на Кубани, ул. Ковтюха, 100;Алмаз-Холдинг;Зарегистрирована в системе;3 порядок;Брокер;Активна
N230106270000048;"Кровельный центр, ООО ""КРОВЕЛЬНЫЙ ЦЕНТР"", г Славянск-на-Кубани, ул Красная, д.162/5";КБМ Мебель, Окна/Двери, Все для дома;Зарегистрирована в системе;3 порядок;Брокер;Активна
N770102471003400;Сеть Связной БРОКЕР_353560, СЛАВЯНСК-НА-КУБАНИ, 2, д. -;Сеть Связной БРОКЕР;Документы получены;3 порядок;Брокер;Активна
N230105034000001;ТЕХНОСКЛАД, ИП Зобкова В.В., Славянск-на-Кубани г, Отдельская ул, дом 302;Техносклад Брокер;Зарегистрирована в системе;3 порядок;Брокер;Активна
N770102471003390;Сеть Связной БРОКЕР_353810, Х. ТРУДОБЕЛИКОВСКИЙ, Ленина, д. 17;Сеть Связной БРОКЕР;Документы получены;3 порядок;Брокер;Активна
N7701040750005786;ИП Сизоненко Марина Владимировна, Пульсар, Краснодарский край, ст-ца Полтавская, Базарный пер, д. 4;КБМ;Зарегистрирована в системе;3 порядок;Брокер;Активна
N770102471003041;Сеть Связной БРОКЕР_353560, СЛАВЯНСК-НА-КУБАНИ, Красная, д. 4;Сеть Связной БРОКЕР;Зарегистрирована в системе;3 порядок;Брокер;Активна
N770102471003396;Сеть Связной БРОКЕР_353800, ПОЛТАВСКАЯ СТАНИЦА, Интернациональная, д. 190, кор. стр.14;Сеть Связной БРОКЕР;Документы получены;3 порядок;Брокер;Активна
N7701009780004375;Крнд Славянск-на-Кубани2;СВЯЗНОЙ БРОКЕР;Зарегистрирована в системе;3 порядок;Брокер;Активна
N7701036370002357;"""Билайн"", ПАО ""Вымпел-коммуникации"", г. Славянск-на-Кубани, ул. Ковтюха, д. 17";БИЛАЙН;Зарегистрирована в системе;3 порядок;Брокер;Активна
N7701021130001452;КВ_Славянск-на-Кубани_Красная_2/8;МЕГАФОН;Зарегистрирована в системе;3 порядок;Брокер;Активна
N770102471003543;Сеть Связной БРОКЕР_ПОЛТАВСКАЯ СТАНИЦА, Интернациональная, д. 190, стр.14;Сеть Связной БРОКЕР;Зарегистрирована в системе;3 порядок;Брокер;Активна
N77010664400010758;14-09 Уютный дом ИП Панова КВ Краснодарский край Славянск-на-Кубани г Отдельская ул 260;ЭКСПЕРТ-РИТЕИЛ Брокер;Зарегистрирована в системе;3 порядок;Брокер;Активна
N7701068610009533;14-09 ЕВРОСПОРТ, ИП Баренкова Лариса Ивановна, г Славянск-на-Кубани, ул Ковтюха, уч 74/2;ЭКСПЕРТ-РИТЕИЛ Брокер;Зарегистрирована в системе;3 порядок;Брокер;Активна
N230106270000012;"Кровельный центр, ООО ""КРОВЕЛЬНЫЙ ЦЕНТР"", ст-ца Петровская, ул Чапаева, д. 73А";КБМ Мебель, Окна/Двери, Все для дома;Зарегистрирована в системе;3 порядок;Брокер;Активна
N770102471003917;Сеть Связной БРОКЕР_Краснодарский край, Славянский р-н, Славянск-на-Кубани г, Ковтюха ул, д. 17;Сеть Связной БРОКЕР;Зарегистрирована в системе;3 порядок;Брокер;Активна
N77010664400015518;14-09 Мобильник ИП Залян Хорен Гришаевич Краснодарский край Трудобеликовский х Ленина ул 5 д;ЭКСПЕРТ-РИТЕИЛ Брокер;Зарегистрирована в системе;3 порядок;Брокер;Активна
N770102471003027;Сеть Связной БРОКЕР_353300, п. Ахтырский, Советская, д. 87, кор. а;Сеть Связной БРОКЕР;Зарегистрирована в системе;3 порядок;Брокер;Активна
N7701066140001155;14-09 МТС онлайн Краснодарский край Славянск-на-Кубани г Юных Коммунаров ул дом 69;МТС онлайн;Зарегистрирована в системе;3 порядок;Брокер;Активна
N230104913000006;ЮВЕЛИР-Дизайн, ИП Гусиков Ф.Я., х. Трудобеликовский, ул. Ленина, д. 17;Независимые торговцы;Зарегистрирована в системе;3 порядок;4 порядок;Активна
N77010664400015519;14-09 Мобильник ИП Залян Хорен Гришаевич Краснодарский край Славянск-на-Кубани г Красная ул 42/2 д;ЭКСПЕРТ-РИТЕИЛ Брокер;Зарегистрирована в системе;3 порядок;Брокер;Активна
N770103126000023;585_Славянск-на-Кубани_Дзержинского_268;Золотой 585;Зарегистрирована в системе;3 порядок;4 порядок;Активна
N770106861000776;14-09 Центр Ортопедии ООО ЭСТЕТИК ЛАЙФ Краснодарский край Славянск-на-Кубани г Батарейная ул 388А д;ЭКСПЕРТ-РИТЕИЛ Брокер;Зарегистрирована в системе;3 порядок;Брокер;Активна
N770100978000405;Крнд Славянск-на-Кубани;СВЯЗНОЙ БРОКЕР;Документы получены;3 порядок;Брокер;Активна
N7701068610004617;14-09 Мобильник ИП Залян Хорен Гришаевич Краснодарский край Трудобеликовский х Ленина ул 5 д;ЭКСПЕРТ-РИТЕИЛ Брокер;Зарегистрирована в системе;3 порядок;Брокер;Активна
N7701068610008980;14-09 Глория ИП Андрусенко Екатерина Олеговна Славянск-на-Кубани г Отдельская ул 229 д.;ЭКСПЕРТ-РИТЕИЛ Брокер;Зарегистрирована в системе;3 порядок;Брокер;Активна
N77010664400014546;14-09 ProStore ИП Пупышев Владислав Юрьевич г Славянск-на-Кубани ул Ковтюха д 25;ЭКСПЕРТ-РИТЕИЛ Брокер;Зарегистрирована в системе;3 порядок;Брокер;Активна
N7701038850001154;КВ_Славянск-на-Кубани_Красная_2/8;МЕГАФОН;Зарегистрирована в системе;3 порядок;Брокер;Активна
N770103106000005;"""Сервис-ЮГ-ККМ"" ООО ""СЕРВИС-ЮГ-ККМ"", ст.Полтавская, ул.Коммунистическая, д.173";Независимые торговцы;Зарегистрирована в системе;3 порядок;3 порядок;Активна
N230104861000005;"ШИНХИМТРАНС_ПОЛТАВСКАЯ, ООО ""ШИНХИМТРАНС"", Полтавская ст-ца, Народная ул, дом 10";ШИНХИМТРАНС;Зарегистрирована в системе;3 порядок;4 порядок;Активна
N7701009780003536;Крнд Полтавская2;СВЯЗНОЙ БРОКЕР;Документы получены;3 порядок;Брокер;Активна
N7701009780002491;Крнд Полтавская;СВЯЗНОЙ БРОКЕР;Документы получены;3 порядок;Брокер;Активна
N770104915000003;"Магазин ""12 стульев на Отдельской"" ООО ""Альянс"", г. Славянск-на-Кубани, ул. Отдельская, д. 260/1";ЭКСПЕРТ-РИТЕИЛ Брокер;Зарегистрирована в системе;3 порядок;Брокер;Активна
N770102471003145;Сеть Связной БРОКЕР_353579, СТ.ПЕТРОВСКАЯ, Красная, д. 52, кор. а;Сеть Связной БРОКЕР;Документы получены;3 порядок;Брокер;Активна
N7701068610009132;"14-09 Кровельный центр ООО ""КРОВЕЛЬНЫЙ ЦЕНТР"" хутор Трудобеликовский ул Ленина д 82";ЭКСПЕРТ-РИТЕИЛ Брокер;Зарегистрирована в системе;3 порядок;Брокер;Активна
N7701066440007852;14-09 Золото Юга ИП Дерягин Р.Е. Краснодарский край Полтавская ст-ца Ковтюха ул 119;ЭКСПЕРТ-РИТЕИЛ Брокер;Зарегистрирована в системе;3 порядок;Брокер;Активна
N7701066140001145;14-09 МТС онлайн Краснодарский край Славянск-на-Кубани г Красная ул 4/1;МТС онлайн;Зарегистрирована в системе;3 порядок;Брокер;Активна
N7701066140001183;14-09 МТС онлайн Краснодарский край Полтавская ст-ца Интернациональная ул дом 190/13;МТС онлайн;Зарегистрирована в системе;3 порядок;Брокер;Активна
N230105367000010;kubaninstrument.ru_СЛАВЯНСК-НА-КУБАНИ, ИП Дерлугов Л.П., Славянск-на-Кубани г, Пролетарская ул, 1;Кубань Инструмент;Зарегистрирована в системе;3 порядок;4 порядок;Активна
N770103914013073;"14-09 ""СИТИЛИНК ООО """"Ситилинк"""" Краснодарский край, г. Славянск-на-Кубани, ул Ковтюха 19 (онлайн)";СИТИЛИНК;Зарегистрирована в системе;3 порядок;Брокер;Активна
N230105788000001;Кровельный центр Ахтырское ОП ИП Даниленко Е.Г., Ахтырский пгт, Колхозная ул, дом 63;КБМ Мебель, Окна/Двери, Все для дома;Зарегистрирована в системе;3 порядок;Брокер;Активна
N7701068610009275;"14-09 МТС ИП Горская Ангелина Салмановна Славянский р-н; ст-ца Петровская ул Красная д 40В";ЭКСПЕРТ-РИТЕИЛ Брокер;Зарегистрирована в системе;3 порядок;Брокер;Активна
N7701068610009277;14-09 Глория ИП Каландина Елена Геннадьевна Славянск-на-Кубани г Отдельская ул 229 д.;ЭКСПЕРТ-РИТЕИЛ Брокер;Зарегистрирована в системе;3 порядок;Брокер;Активна
N770106165000474;Много Мебели КВМ  ИП Костылева Оксана Андреевна г Славянск-на-Кубани ул Ковтюха д 50;Много Мебели KBM;Зарегистрирована в системе;3 порядок;Брокер;Активна
N770102471003726;Сеть Связной БРОКЕР_353800, ПОЛТАВСКАЯ СТАНИЦА, Интернациональная, д. 176, кор. А;Сеть Связной БРОКЕР;Зарегистрирована в системе;3 порядок;Брокер;Активна
N77010664400021305;14-09 Кровельный центр, ООО Кровельный центрг Славянск-на-Кубани, ул Красная, д 162/5;ЭКСПЕРТ-РИТЕИЛ Брокер;Зарегистрирована в системе;3 порядок;Брокер;Активна
N77010664400021304;14-09 Кровельный центр, ООО Кровельный центр ст-ца Петровская, ул Чапаева, д 73а;ЭКСПЕРТ-РИТЕИЛ Брокер;Зарегистрирована в системе;3 порядок;Брокер;Активна
N7701066810002473;14-09 Финсервис (Poslogic) ИП Прыткова Светлана Павловна г Славянск-на-Кубани ул Ковтюха д 4;Финсервис (Poslogic);Зарегистрирована в системе;3 порядок;Брокер;Активна
N7701066810002470;14-09 Финсервис (Poslogic) ИП Таран Юрий Николаевич г Славянск-на-Кубани ул Пионерская д 10;Финсервис (Poslogic);Зарегистрирована в системе;3 порядок;Брокер;Активна
N7701066810002472;14-09 Финсервис (Poslogic) ИП Прыткова Светлана Павловна г Славянск-на-Кубани ул Красная д 66;Финсервис (Poslogic);Зарегистрирована в системе;3 порядок;Брокер;Активна
N77010664400010759;14-09 12 стульев ИП Норенко Марина Сергеевна Краснодарский край Славянск-на-Кубани г Ковтюха ул 116;ЭКСПЕРТ-РИТЕИЛ Брокер;Зарегистрирована в системе;3 порядок;Брокер;Активна
N77010664400021547;"14-09 Кровельный центр ООО ""КРОВЕЛЬНЫЙ ЦЕНТР"" Темрюкский р-н Тамань ст-ца 8 Гвардейская ул 97";ЭКСПЕРТ-РИТЕИЛ Брокер;Зарегистрирована в системе;3 порядок;Брокер;Активна
N7701066810002474;14-09 Финсервис (Poslogic) ИП Осадчий Виктор Юрьевич г Славянск-на-Кубани ул Ковтюха д 140;Финсервис (Poslogic);Зарегистрирована в системе;3 порядок;Брокер;Активна
N7701066810002487;14-09 Финсервис (Poslogic) ИП Прыткова С.П. Краснодарский край ст-ца Полтавская ул Красная д 66;Финсервис (Poslogic);Зарегистрирована в системе;3 порядок;Брокер;Активна
N7701066810002514;14-09 Финсервис (Poslogic) ИП Прыткова С.П. Краснодарский край ст-ца Петровская ул Чапаева д 148Б;Финсервис (Poslogic);Зарегистрирована в системе;3 порядок;Брокер;Активна
N7701066810002513;14-09 Финсервис (Poslogic) ИП Прыткова С.П. Краснодарский край ст-ца Анастасиевская ул Победы д 2Б;Финсервис (Poslogic);Зарегистрирована в системе;3 порядок;Брокер;Активна
N7701066440008088;14-09 Тук-Тук ИП Залян Марта Гургеновна Краснодарский край Славянск-на-Кубани г Пролетарская ул 118;ЭКСПЕРТ-РИТЕИЛ Брокер;Зарегистрирована в системе;3 порядок;Брокер;Активна
N7701068610004595;14-09 МТС ИП Горская Ангелина Салмановна ст-ца Анастасиевская ул Красная д 144;ЭКСПЕРТ-РИТЕИЛ Брокер;Зарегистрирована в системе;3 порядок;Брокер;Активна
N77010664400018311;14-09 Ростовские Окна ИП Мизанова ИА Краснодарский край Темрюк г Калинина ул 184/8 д;ЭКСПЕРТ-РИТЕИЛ Брокер;Зарегистрирована в системе;3 порядок;Брокер;Активна
N7701066810002476;14-09 Финсервис (Poslogic) ИП Осадчая Татьяна Владимировна г Славянск-на-Кубани ул Ковтюха д 140;Финсервис (Poslogic);Зарегистрирована в системе;3 порядок;Брокер;Активна
N7701066810002471;14-09 Финсервис (Poslogic) ИП Прыткова Светлана Павловна г Славянск-на-Кубани ул Победы д 320;Финсервис (Poslogic);Зарегистрирована в системе;3 порядок;Брокер;Активна
N77010664400010726;14-09 Торговый центр БТ ИП Дейнега АВКраснодарский край Славянск-на-Кубани г Анастасиевская ул 113;ЭКСПЕРТ-РИТЕИЛ Брокер;Зарегистрирована в системе;3 порядок;Брокер;Активна
N7701066140001331;14-09 МТС онлайн Краснодарский край Полтавская ст-ца Интернациональная ул 176 A;МТС онлайн;Зарегистрирована в системе;3 порядок;Брокер;Активна
N770106165000390;Много Мебели КВМ  ИП Казурова Анна Владимировна г Славянск-на-Кубани ул Пионерская д 14;Много Мебели KBM;Зарегистрирована в системе;3 порядок;Брокер;Активна
N640103273000028;Много мебели КЦ, ИП Казурова А.В.,  г. Славянск-на-Кубани, ул. Пионерская, д.14;Много Мебели КЦ;Зарегистрирована в системе;3 порядок;Брокер;Активна
N770103507000463;"М.ВИДЕО БРОКЕР_ООО""М.видеоМенеджмент""Славянск-на-Кубани,х.Трудобеликовский,ул.Ленина,8/1ТЦ""Lucky""";М.ВИДЕО БРОКЕР;Зарегистрирована в системе;3 порядок;Брокер;Активна
N250101642000239;"14-09ДНС, ООО ""ДНС РИТЕЙЛ"",город Славянск-на-Кубани, улица Ковтюха, д.61";ДНС Онлайн;Зарегистрирована в системе;3 порядок;Брокер;Активна
N250101642000238;"14-09ДНС, ООО ""ДНС РИТЕЙЛ"",г. Славянск-на-Кубани,,ул. Ленина,д. 111,,";ДНС Онлайн;Зарегистрирована в системе;3 порядок;Брокер;Активна
N7701038850002944;14-09 КВ_Темрюк_Ленина_54;МЕГАФОН;Зарегистрирована в системе;3 порядок;Брокер;Активна
N770102512000460;"14-09 М.Видео Онлайн ООО ""МВМ""г. Славянск-на-Кубани,Краснодарский край,Ленина ул,8";М.Видео Онлайн;Зарегистрирована в системе;3 порядок;Брокер;Активна
N640103273000030;Много Мебели КЦ Казурова А.В. Краснодарский край,х Трудобеликовский, ул Ленина, д 17,;Много Мебели КЦ;Зарегистрирована в системе;3 порядок;Брокер;Активна
N640103273000031;Много Мебели КЦ Казурова А.В. Россия,Краснодарский край,ст-ца Полтавская, ул Ковтюха, д 129/1,;Много Мебели КЦ;Зарегистрирована в системе;3 порядок;Брокер;Активна
N230105660000003;Online_СЛАВЯНСК-НА-КУБАНИ, ИП Тихполоз Ф.Ф., Славянск-на-Кубани г, Батарейная ул, д. 262;Karcher_ТехноРаум;Зарегистрирована в системе;3 порядок;Брокер;Активна
N770102471003023;Сеть Связной БРОКЕР_353590, ст.Анастасиевская, Красная, д. 146;Сеть Связной БРОКЕР;Зарегистрирована в системе;3 порядок;Брокер;Активна
N230105729000005;Кровельный центр Трудобеликовское ОП , ИП Михеева В.А., Трудобеликовский х, Ленина ул, дом 82;КБМ Мебель, Окна/Двери, Все для дома;Зарегистрирована в системе;3 порядок;Брокер;Активна
N230105729000004;Кровельный центр Славянское ОП, ИП Михеева В.А., Славянск-на-Кубани г, Красная ул, дом 162/5;КБМ Мебель, Окна/Двери, Все для дома;Зарегистрирована в системе;3 порядок;Брокер;Активна
N230105729000003;Кровельный центр Полтавское ОП , ИП Михеева В.А., Полтавская ст-ца, Народная ул, дом 69/1;КБМ Мебель, Окна/Двери, Все для дома;Зарегистрирована в системе;3 порядок;Брокер;Активна
N230105729000002;Кровельный центр Петровское ОП, ИП Михеева В.А., Петровская ст-ца, Чапаева ул, дом 73 А;КБМ Мебель, Окна/Двери, Все для дома;Зарегистрирована в системе;3 порядок;Брокер;Активна
N230105871000001;KARHER_СЛАВЯНСК-НА-КУБАНИ, ИП Тихполоз Ф.Ф., Славянск-на-Кубани г, Батарейная ул, д. 262;Karcher_ТехноРаум;Зарегистрирована в системе;3 порядок;Брокер;Активна
N770105978000387;14-09 Leran Basic  ООО Кредитные Системы    г Темрюк ул Калинина д 1 онлайн;Leran Basic;Зарегистрирована в системе;3 порядок;Брокер;Активна
N770105978000389;14-09 Leran Basic  ООО Кредитные Системы    г Славянск-на-Кубани ул Ковтюха д 100 онлайн;Leran Basic;Зарегистрирована в системе;3 порядок;Брокер;Активна
N7701047310004413;14-09 МТС 353560, Краснодарский край, Славянск-на-Кубани г, Красная ул, 145/10;МТС;Зарегистрирована в системе;3 порядок;Брокер;Активна
N770105978000388;14-09 Leran Basic  ООО Кредитные Системы    г Славянск-на-Кубани ул Ленина д 17 онлайн;Leran Basic;Зарегистрирована в системе;3 порядок;Брокер;Активна
N770106165000154;Много Мебели КВМ  ИП Костылева Оксана Андреевна х Трудобеликовский ул Ленина д 17;Много Мебели KBM;Зарегистрирована в системе;3 порядок;Брокер;Активна
N770105978000753;14-09 Leran Basic  ООО Кредитные Системы   хутор Трудобеликовский, ул. Ленина, д. 17  онлайн;Leran Basic;Зарегистрирована в системе;3 порядок;Брокер;Активна
N660103452000128;NEW mIPos_г Славянск-на-Кубани_ул. Ковтюха д. 100;Независимые торговцы;Зарегистрирована в системе;1,2 порядок;IPos;Активна
N770104657000178;rbt.ru ИП Филиппов С.Н. Краснодарский край Хутор Трудобеликовский ул Ленина 17;rbt.ru;Зарегистрирована в системе;3 порядок;Брокер;Активна
N770104657000181;rbt.ru ИП Филиппов С.Н. Краснодарский край Славянск-на-Кубани ул Ковтюха 100;rbt.ru;Зарегистрирована в системе;3 порядок;Брокер;Активна
N7701040750003661;ИП Турчина Елена Андреевна, ru.Store. Славянск-на-Кубани, Полковая, 259;КБМ;Зарегистрирована в системе;3 порядок;Брокер;Активна
N770105978000228;14-09 Leran Basic  ООО Кредитные Системы   г Славянск-на-Кубани ул Ковтюха д.100;Leran Basic;Зарегистрирована в системе;3 порядок;Брокер;Активна
N230106128000029;"www.cto1.ru, ООО ""СЕРВИС-ЮГ-ККМ"",  ст-ца Полтавская, ул Коммунистическая, д. 173";Независимые торговцы;Зарегистрирована в системе;3 порядок;4 порядок;Активна
N7701047310001148;МТС Полтавская ст-ца, Интернациональная ул, дом 190/13;МТС;Зарегистрирована в системе;3 порядок;Брокер;Активна
N2501017340002445;"14-09 ДНС Брокер УП, ООО ""ДНС РИТЕЙЛ"" Краснодарский край, Полтавская, Народная ул, д 16, корп 6";ДНС Брокер УП;Зарегистрирована в системе;3 порядок;Брокер;Активна
N770106340000120;Instagram_ivan.kuzminsky_ИП Кузьминский И.А., г Краснодар, ул Славянская, д. 52, офис 20;Freshcredit онлайн;Зарегистрирована в системе;3 порядок;Брокер;Активна
N7701021130003185;"14-09 МЕГАФОН, ООО ""Мегафон Ритейл"" Краснодарский край, г. Славянск-на-Кубани, ул. Ковтюха, д. 19";МЕГАФОН;Зарегистрирована в системе;3 порядок;Брокер;Активна
N2501016420002456;"14-09ДНС, ООО ""ДНС РИТЕЙЛ"", ст-ца Полтавская, ул Народная, д. 16/6";ДНС Онлайн;Зарегистрирована в системе;3 порядок;Брокер;Активна
N7701040750005416;12 Стульев, ИП Норенко М.С., г Славянск-на-Кубани, ул Отдельская, д.260;КБМ;Зарегистрирована в системе;3 порядок;Брокер;Активна
N7701040750005417;Уютный дом, ИП Панова К.В., г Славянск-на-Кубани, ул Ковтюха, д 116;КБМ;Зарегистрирована в системе;3 порядок;Брокер;Активна
N7701040750005415;12 Стульев, ИП Панова Кристина Владимировна, г Славянск-на-Кубани, ул Отдельская д.260;КБМ;Зарегистрирована в системе;3 порядок;Брокер;Активна
N770105382000214;ru.Store, ИП Турчина Е.А., Краснодарский край, г. Славянск-на-Кубани, ул. Полковая, д. 259;КБМ онлайн;Зарегистрирована в системе;3 порядок;Брокер;Активна
N7701038850002929;"14-09 МЕГАФОН, ООО ""Мегафон Ритейл"" Краснодарский край, г. Славянск-на-Кубани, ул. Ковтюха, д. 19";МЕГАФОН;Зарегистрирована в системе;3 порядок;Брокер;Активна
N7701038850003023;14-09 КВ_Полтавская_Интернациональная_190_15;МЕГАФОН;Зарегистрирована в системе;3 порядок;Брокер;Активна
N7701021130003285;14-09 КВ_Полтавская_Интернациональная_190_15;МЕГАФОН;Зарегистрирована в системе;3 порядок;Брокер;Активна
N7701047310004324;14-09 МТС 353560, Краснодарский край, Славянск-на-Кубани г, Красная ул, 4/1;МТС;Зарегистрирована в системе;3 порядок;Брокер;Активна
N7701021130003201;14-09 КВ_Темрюк_Ленина_54;МЕГАФОН;Зарегистрирована в системе;3 порядок;Брокер;Активна
N770105978000926;14-09 ran Basic  ООО Кредитные Системы  Краснодарский край, ст-ца Полтавская, ул Ленина, д 1 онлайн;Leran Basic;Зарегистрирована в системе;3 порядок;Брокер;Активна
N230106239000018;"14-09 МНОГО МЕБЕЛИ, ООО ""Много Мебели Юг"" Краснодарский край, х Трудобеликовский, ул Ленина, д 17,";МНОГО МЕБЕЛИ;Зарегистрирована в системе;3 порядок;3 порядок;Активна
N230106240000018;"14-09 МНОГО МЕБЕЛИ, ООО ""Много Мебели Юг""  Краснодарский край, х Трудобеликовский, ул Ленина, д 17,";МНОГО МЕБЕЛИ;Зарегистрирована в системе;3 порядок;Брокер;Активна
N230106425000015;Золото Юга, ИП Дерягин Р.Е., Красноармейский р-н, ст-ца Полтавская, ул Ковтюха, д 119;Независимые торговцы;Зарегистрирована в системе;3 порядок;3 порядок;Активна
N770105978000744;14-09 Leran Basic  ООО Кредитные Системы   хутор Трудобеликовский, ул. Ленина, д 1 онлайн;Leran Basic;Зарегистрирована в системе;3 порядок;Брокер;Активна
N770105978000945;14-09 an Basic  ООО Кредитные Системы  ст-ца Полтавская, ул Красная, д 127 онлайн;Leran Basic;Зарегистрирована в системе;3 порядок;Брокер;Активна
N7701040750009851;14-09 Осадчий Виктор Юрьевич,Media Smart, г. Славянск-на-Кубани, ул. Ковтюха, д. 140;КБМ;Зарегистрирована в системе;3 порядок;Брокер;Активна
N77010664400015663;14-09 АртиКо ИП Саакян Нелли Кареновна Краснодарский край Анапский р-н Анапа г Анапское ш 1Г д;ЭКСПЕРТ-РИТЕИЛ Брокер;Зарегистрирована в системе;3 порядок;Брокер;Активна
N77010664400020496;14-09 Vиктория, ИП Середа С.Н Трудобеликовский х, Ленина ул, д 9;ЭКСПЕРТ-РИТЕИЛ Брокер;Зарегистрирована в системе;3 порядок;Брокер;Активна
N77010664400010766;14-09 Билайн ИП Стеганцова ТА Краснодарский край Славянск-на-Кубани г Красная ул 4 д;ЭКСПЕРТ-РИТЕИЛ Брокер;Зарегистрирована в системе;3 порядок;Брокер;Активна
N7701066140003533;14-09 МТС Онлайн Славянск-на-Кубани г, Красная ул, 145/10;МТС онлайн;Зарегистрирована в системе;3 порядок;Брокер;Активна
N7701066440009981;14-09 Эксперт ООО Арсенал Краснодарский край Крымский р-н Варениковская ст-ца Ленина ул 50 д;ЭКСПЕРТ-РИТЕИЛ Брокер;Зарегистрирована в системе;3 порядок;Брокер;Активна
N7701068610009534;14-09 Юмаком, ИП Колесник Юлия Владиславовна, г Славянск-на-Кубани, ул Больничная, д 18;ЭКСПЕРТ-РИТЕИЛ Брокер;Зарегистрирована в системе;3 порядок;Брокер;Активна
N7701068610009233;14-09 Кровельный центр ИП Комарова Е.В. хутор Трудобеликовский ул Ленина д 82 оф.2;ЭКСПЕРТ-РИТЕИЛ Брокер;Зарегистрирована в системе;3 порядок;Брокер;Активна
N77010664400010730;14-09 Центр Ортопедии ООО ЭСТЕТИК ЛАЙФ Краснодарский край Славянск-на-Кубани г Батарейная ул 388А д;ЭКСПЕРТ-РИТЕИЛ Брокер;Зарегистрирована в системе;3 порядок;Брокер;Активна
N770106821000112;14-09 КБМ РБТ х Трудобеликовский ул Ленина д.17;КБМ РБТ;Зарегистрирована в системе;3 порядок;Брокер;Активна
N7701068790001710;14-09 МТС розница Краснодарский край Славянск-на-Кубани г Юных Коммунаров ул дом  69;МТС розница;Зарегистрирована в системе;3 порядок;Брокер;Активна
N7701040750007686;14-09 ИП Осадчая Татьяна Владимировна Media smart г Славянск-на-Кубани ул Ковтюха д 140;КБМ;Зарегистрирована в системе;3 порядок;Брокер;Активна
N770106879000134;14-09 МТС розница Краснодарский край, Славянск-на-Кубани г, Красная ул, 4/1;МТС розница;Зарегистрирована в системе;3 порядок;Брокер;Активна
N770106821000054;14-09 КБМ РБТ г Славянск-на-Кубани ул Ковтюха д 100;КБМ РБТ;Зарегистрирована в системе;3 порядок;Брокер;Активна
N77010664400015514;14-09 ЭКСПЕРТ ИП Радченко Елена Анатольевна Краснодарский край Старотитаровская ст-ца Ильича пер 1 д;ЭКСПЕРТ-РИТЕИЛ Брокер;Зарегистрирована в системе;3 порядок;Брокер;Активна
N7701040750002148;ИП Пупышев Владислав Юрьевич, 353560, Краснодарский край, Славянск-на-кубани, уд. Ковтюха 44;КБМ;Зарегистрирована в системе;3 порядок;Брокер;Активна
N7701047310001039;МТС Славянск-на-Кубани г, Ковтюха ул, 2;МТС;Зарегистрирована в системе;3 порядок;Брокер;Активна
N7701047310001147;МТС Славянск-на-Кубани г, Юных Коммунаров ул, дом 69;МТС;Зарегистрирована в системе;3 порядок;Брокер;Активна
N7701040750002146;ИП Пупышев Владислав Юрьевич, 353560, Краснодарский край, Славянск-на-кубани, уд. Ковтюха 25;КБМ;Зарегистрирована в системе;3 порядок;Брокер;Активна
N7701047310001136;МТС Славянск-на-Кубани г, Ковтюха ул, дом 17;МТС;Зарегистрирована в системе;3 порядок;Брокер;Активна
N7701047310001150;МТС Полтавская ст-ца, Красная ул, дом 127, корпус 1;МТС;Зарегистрирована в системе;3 порядок;Брокер;Активна
N7701047310001125;МТС 353560, Краснодарский край, Славянск-на-Кубани г, Красная ул, дом 4;МТС;Зарегистрирована в системе;3 порядок;Брокер;Активна
N7701047310001121;МТС Полтавская ст-ца, Интернациональная ул, 176 A;МТС;Зарегистрирована в системе;3 порядок;Брокер;Активна
N7701047310001040;МТС Славянск-на-Кубани г, Красная ул, 4/1;МТС;Зарегистрирована в системе;3 порядок;Брокер;Активна
N77010664400016458;14-09 Мобильник ИП Залян Хорен Гришаевич Краснодарский край Славянск-на-Кубани г Промышленная ул 35А;ЭКСПЕРТ-РИТЕИЛ Брокер;Зарегистрирована в системе;3 порядок;Брокер;Активна
N7701068610006750;14-09 Эксперт ИП Ермолаев Денис Викторович Варениковская ст-ца Ленина ул 50 д;ЭКСПЕРТ-РИТЕИЛ Брокер;Зарегистрирована в системе;3 порядок;Брокер;Активна
N7701068610006749;14-09 Билайн ИП Стеганцова ТА Краснодарский край Славянск-на-Кубани г Красная ул 4 д;ЭКСПЕРТ-РИТЕИЛ Брокер;Зарегистрирована в системе;3 порядок;Брокер;Активна
N7701068610006747;14-09 Эксперт ООО Арсенал Краснодарский край Крымский р-н Варениковская ст-ца Ленина ул 50 д;ЭКСПЕРТ-РИТЕИЛ Брокер;Зарегистрирована в системе;3 порядок;Брокер;Активна
N7701068610008502;14-09 Золото Юга ИП Дерягин Р.Е. Краснодарский край Полтавская ст-ца Ковтюха ул 119;ЭКСПЕРТ-РИТЕИЛ Брокер;Зарегистрирована в системе;3 порядок;Брокер;Активна
N7701066440009970;14-09 VITAL RAYS ИП Валл Павел Сергеевич Краснодарский край Славянск-на-Кубани г Красная ул 35;ЭКСПЕРТ-РИТЕИЛ Брокер;Зарегистрирована в системе;3 порядок;Брокер;Активна
N7701068610001356;14-09 Кровельный центр, ООО Кровельный центр ст-ца Петровская, ул Чапаева, д 72;ЭКСПЕРТ-РИТЕИЛ Брокер;Зарегистрирована в системе;3 порядок;Брокер;Активна
N7701068610003692;14-09 Мобильник ИП Залян Хорен Гришаевич, Славянск-на-Кубани г Промышленная ул 35А;ЭКСПЕРТ-РИТЕИЛ Брокер;Зарегистрирована в системе;3 порядок;Брокер;Активна
N7701068610008515;14-09 Кубань Инструмент ИП Дерлугов Л.П. Славянск-на-Кубани г Пролетарская ул 1/2;ЭКСПЕРТ-РИТЕИЛ Брокер;Зарегистрирована в системе;3 порядок;Брокер;Активна
N7701068610004618;14-09 Мобильник ИП Залян Хорен Гришаевич Краснодарский край Славянск-на-Кубани г Красная ул 42/2 д;ЭКСПЕРТ-РИТЕИЛ Брокер;Зарегистрирована в системе;3 порядок;Брокер;Активна
N7701066810002486;14-09 Финсервис (Poslogic) ИП Блохина Надежда Александровна г Славянск-на-Кубани ул Пионерская д 8;Финсервис (Poslogic);Зарегистрирована в системе;3 порядок;Брокер;Активна
N7701066810002485;14-09 Финсервис (Poslogic) ИП Латыш Марина Минасовна г Славянск-на-Кубани ул Отдельская д 225;Финсервис (Poslogic);Зарегистрирована в системе;3 порядок;Брокер;Активна
N7701066140001201;14-09 МТС онлайн Краснодарский край Полтавская ст-ца Красная ул дом 127 корпус 1;МТС онлайн;Зарегистрирована в системе;3 порядок;Брокер;Активна
N7701068610006704;14-09 Тук-Тук ИП Залян Марта Гургеновна Краснодарский край Славянск-на-Кубани г Пролетарская ул 118;ЭКСПЕРТ-РИТЕИЛ Брокер;Зарегистрирована в системе;3 порядок;Брокер;Активна
N7701068610009234;14-09 Кровельный центр ИП Михеева В.А. хутор Трудобеликовский ул Ленина д 82 оф.;ЭКСПЕРТ-РИТЕИЛ Брокер;Зарегистрирована в системе;3 порядок;Брокер;Активна
N7701068610004575;14-09 ProStore ИП Пупышев Владислав Юрьевич г Славянск-на-Кубани ул Ковтюха д 25;ЭКСПЕРТ-РИТЕИЛ Брокер;Зарегистрирована в системе;3 порядок;Брокер;Активна
N7701040750007680;14-09 ИП Сизоненко Владимир Иванович Пульсар 353800 ст-ца Полтавская ул Красная д 133;КБМ;Зарегистрирована в системе;3 порядок;Брокер;Активна
N7701040750007684;14-09 ИП Осадчий Сергей Викторович Media smart г. Славянск-на-Кубани ул. Ковтюха д. 140;КБМ;Зарегистрирована в системе;3 порядок;Брокер;Активна
N770106861000715;14-09 Уютный дом ИП Панова К.В. Краснодарский край Славянск-на-Кубани г Ковтюха ул 116;ЭКСПЕРТ-РИТЕИЛ Брокер;Зарегистрирована в системе;3 порядок;Брокер;Активна
N7701068610003743;14-09 МТС ИП Григорьева Анна Леонидовна ст-ца Анастасиевская ул Красная 144;ЭКСПЕРТ-РИТЕИЛ Брокер;Зарегистрирована в системе;3 порядок;Брокер;Активна
N7701068610003742;14-09 МТС ИП Григорьева Анна Леонидовна ст-ца Петровская ул Красная 40В;ЭКСПЕРТ-РИТЕИЛ Брокер;Зарегистрирована в системе;3 порядок;Брокер;Активна
N7701068610004600;14-09 Мобильник ИП Залян Хорен Гришаевич Краснодарский край Славянск-на-Кубани г Промышленная ул 35А;ЭКСПЕРТ-РИТЕИЛ Брокер;Зарегистрирована в системе;3 порядок;Брокер;Активна
N7701068610005538;14-09 Торговый центр БТ ИП Дейнега АВКраснодарский край Славянск-на-Кубани г Анастасиевская ул 113;ЭКСПЕРТ-РИТЕИЛ Брокер;Зарегистрирована в системе;3 порядок;Брокер;Активна
N7701068610006752;14-09 Уютный дом ИП Норенко М.С.Краснодарский край Славянск-на-Кубани г Отдельская ул 260;ЭКСПЕРТ-РИТЕИЛ Брокер;Зарегистрирована в системе;3 порядок;Брокер;Активна
N77010664400014545;14-09 ProStore ИП Пупышев Владислав Юрьевич г Славянск-на-Кубани ул Ковтюха д 50;ЭКСПЕРТ-РИТЕИЛ Брокер;Зарегистрирована в системе;3 порядок;Брокер;Активна
N7701068610004573;14-09 ProStore ИП Пупышев Владислав Юрьевич г Славянск-на-Кубани ул Ковтюха д 50;ЭКСПЕРТ-РИТЕИЛ Брокер;Зарегистрирована в системе;3 порядок;Брокер;Активна
N7701068610006745;14-09 МТС ИП Ермолаев Денис Викторович Краснодарский край Варениковская ст-ца Красная ул 57 д;ЭКСПЕРТ-РИТЕИЛ Брокер;Зарегистрирована в системе;3 порядок;Брокер;Активна
N7701068610006744;14-09 Эксперт ИП Никоев Гурген Нерсесович Краснодарский край Трудобеликовский х Ленина ул 69А д;ЭКСПЕРТ-РИТЕИЛ Брокер;Зарегистрирована в системе;3 порядок;Брокер;Активна
N7701068610006743;14-09 ТелефонСити ИП Ермолаев ДВ Краснодарский край Варениковская ст-ца Ленина ул 71 д;ЭКСПЕРТ-РИТЕИЛ Брокер;Зарегистрирована в системе;3 порядок;Брокер;Активна
N7701066440008096;14-09 Уютный дом ИП Панова К.В. Краснодарский край Славянск-на-Кубани г Ковтюха ул 116;ЭКСПЕРТ-РИТЕИЛ Брокер;Зарегистрирована в системе;3 порядок;Брокер;Активна
N7701068790002317;14-09 МТС розница Краснодарский край Полтавская ст-ца Красная ул дом  127 корпус 1;МТС розница;Зарегистрирована в системе;3 порядок;Брокер;Активна
N770106861000743;14-09 Уютный дом ИП Панова КВ Краснодарский край Славянск-на-Кубани г Отдельская ул 260;ЭКСПЕРТ-РИТЕИЛ Брокер;Зарегистрирована в системе;3 порядок;Брокер;Активна
N7701068610006753;14-09 12 стульев ИП Норенко Марина Сергеевна Краснодарский край Славянск-на-Кубани г Ковтюха ул 116;ЭКСПЕРТ-РИТЕИЛ Брокер;Зарегистрирована в системе;3 порядок;Брокер;Активна
N230500921000005;БИЛАЙН, ИП Стеганцова Т.А., г. Славянск-на-Кубани, ул. Красная, д. 4;ЭКСПЕРТ-РИТЕИЛ Брокер;Зарегистрирована в системе;3 порядок;Брокер;Активна
N230500921000006;БИЛАЙН, ИП Стеганцова Т.А., г. Славянск-на-Кубани, ул. Ковтюха, д. 41;ЭКСПЕРТ-РИТЕИЛ Брокер;Зарегистрирована в системе;3 порядок;Брокер;Активна
N77010664400010733;14-09 ТелефонСити ИП Ермолаев ДВ Краснодарский край Варениковская ст-ца Ленина ул 71 д;ЭКСПЕРТ-РИТЕИЛ Брокер;Зарегистрирована в системе;3 порядок;Брокер;Активна
N7701066440009982;14-09 МТС ИП Ермолаев Денис Викторович Краснодарский край Варениковская ст-ца Красная ул 57 д;ЭКСПЕРТ-РИТЕИЛ Брокер;Зарегистрирована в системе;3 порядок;Брокер;Активна
N77010664400014828;14-09 МТС ИП Горская Ангелина Салмановна ст-ца Анастасиевская ул Красная д 144;ЭКСПЕРТ-РИТЕИЛ Брокер;Зарегистрирована в системе;3 порядок;Брокер;Активна
N77010407500010310;14-09 ИП Залян Хорен Гришаевич,353560 г Славянск-на-Кубани, ул Красная, д 42/2;КБМ;Зарегистрирована в системе;3 порядок;Брокер;Активна
N77010407500010309;14-09 ИП Залян Хорен Гришаевич,353800 ст-ца Полтавская, ул Ковтюха, д 90;КБМ;Зарегистрирована в системе;3 порядок;Брокер;Активна
N77010407500010308;14-09 ИП Залян Хорен Гришаевич,353810 хутор Трудобеликовский, ул Ленина, д 5;КБМ;Зарегистрирована в системе;3 порядок;Брокер;Активна
N77010664400021324;14-09 Кровельный центр, ООО Кровельный центр ст-ца Петровская, ул Чапаева, д 72;ЭКСПЕРТ-РИТЕИЛ Брокер;Зарегистрирована в системе;3 порядок;Брокер;Активна
N77010664400010764;14-09 Уютный дом ИП Норенко М.С.Краснодарский край Славянск-на-Кубани г Отдельская ул 260;ЭКСПЕРТ-РИТЕИЛ Брокер;Зарегистрирована в системе;3 порядок;Брокер;Активна
N770106614000573;14-09 МТС онлайн Краснодарский край, Славянск-на-Кубани г, Ковтюха ул, дом 17;МТС онлайн;Зарегистрирована в системе;3 порядок;Брокер;Активна
N7701068610001387;14-09 Кровельный центр, ООО Кровельный центрг Славянск-на-Кубани, ул Красная, д 162/5;ЭКСПЕРТ-РИТЕИЛ Брокер;Зарегистрирована в системе;3 порядок;Брокер;Активна
N770106879000830;14-09 МТС розница Краснодарский край Полтавская ст-ца Интернациональная ул дом 190/13;МТС розница;Зарегистрирована в системе;3 порядок;Брокер;Активна
N7701068610001389;14-09 Кровельный центр, ООО Кровельный центр ст-ца Петровская, ул Чапаева, д 73а;ЭКСПЕРТ-РИТЕИЛ Брокер;Зарегистрирована в системе;3 порядок;Брокер;Активна
N7701068610005533;14-09 VITAL RAYS ИП Валл Павел Сергеевич Краснодарский край Славянск-на-Кубани г Красная ул 35;ЭКСПЕРТ-РИТЕИЛ Брокер;Зарегистрирована в системе;3 порядок;Брокер;Активна
N770106879000820;14-09 МТС розница Краснодарский край  Полтавская ст-ца Интернациональная ул 176 A;МТС розница;Зарегистрирована в системе;3 порядок;Брокер;Активна
N7701066440004720;14-09 Кубань Инструмент ИП Дерлугов Л.П. Славянск-на-Кубани г Пролетарская ул 1/2;ЭКСПЕРТ-РИТЕИЛ Брокер;Зарегистрирована в системе;3 порядок;Брокер;Активна
N770106670000683;14-09 Альянс БК ИП Валл Павел Сергеевич Краснодарский край, г Славянск-на-Кубани, ул Красная, д 35;Альянс БК;Зарегистрирована в системе;3 порядок;Брокер;Активна
N770106879000849;14-09 МТС розница Краснодарский край Славянск-на-Кубани г Ковтюха ул дом 17;МТС розница;Зарегистрирована в системе;3 порядок;Брокер;Активна
N7701068610009405;14-09 Кровельный центр ИП Колесник Юлия Владимировна ст-ца Полтавская, ул Народная, д 69/1;ЭКСПЕРТ-РИТЕИЛ Брокер;Зарегистрирована в системе;3 порядок;Брокер;Активна
N77010664400010765;14-09 Эксперт ИП Ермолаев Денис Викторович Варениковская ст-ца Ленина ул 50 д;ЭКСПЕРТ-РИТЕИЛ Брокер;Зарегистрирована в системе;3 порядок;Брокер;Активна
N640103415000018;Много Мебели,  ИП Костылева О.А., 1054_ЮГ128 (ТЦ СТЦ), г Славянск-на-Кубани, ул Ковтюха, д 50,;Много Мебели КЦ;Зарегистрирована в системе;3 порядок;Брокер;Активна
N640103415000013;Много мебели КЦ,ИП Костылева О.А.,Красноармейский р-н,Трудобеликовский х, Ленина ул, д.17;Много Мебели КЦ;Зарегистрирована в системе;3 порядок;Брокер;Активна
N250101502000534;"ДНС, ООО ""ДНС РИТЕЙЛ"",город Славянск-на-Кубани, улица Ковтюха, д.61";ДНС БРОКЕР;Зарегистрирована в системе;1,2 порядок;Брокер;Активна
N250101502000536;"ДНС, ООО ""ДНС РИТЕЙЛ"",г. Славянск-на-Кубани,,ул. Ленина,д. 111,,";ДНС БРОКЕР;Зарегистрирована в системе;1,2 порядок;Брокер;Активна
N230105886000001;"Магазин ""12 стульев на Отдельской"" ИП Панова К.В., г. Славянск-на-Кубани, ул. Отдельская, д. 260/1";Эксперт Ритейл Брокер 2;Зарегистрирована в системе;3 порядок;Брокер;Активна
N230105367000012;КубаньИнструмент_СЛАВЯНСК-НА-КУБАНИ, ИП Дерлугов Л.П., Славянск-на-Кубани г,Пролетарская ул, 1;Кубань Инструмент;Зарегистрирована в системе;3 порядок;3 порядок;Активна
N770103914013111;"14-09 СИТИЛИНК, ООО ""Ситилинк"", г. Славянск на Кубани, ул. Ковтюха, 50 Онлайн";СИТИЛИНК;Зарегистрирована в системе;3 порядок;Брокер;Активна
N770103914013110;"14-09 СИТИЛИНК, ООО ""Ситилинк"", г. Славянск на Кубани, ул. Ковтюха, 50 Офлайн";СИТИЛИНК;Зарегистрирована в системе;3 порядок;Брокер;Активна
N230105886000003;"Мебельный салон ""Уютный дом"", ИП Панова К.В., г. Славянск-на-Кубани, ул. Ковтюха, д. 116";Эксперт Ритейл Брокер 2;Зарегистрирована в системе;3 порядок;Брокер;Активна
N770107018000231;14-09 КБМ Золотой 585 РЕГЕНТ ГОЛД г Славянск-на-Кубани ул Дзержинского д 268;КБМ Золотой 585;Зарегистрирована в системе;3 порядок;Брокер;Активна
N7701068260005871;14-09 ИП ДАРМИНОВ ЕВГЕНИЙ ВЛАДИМИРОВИЧ ст-ца Полтавская, ул Коммунистическая, д 171;Т-Финанс;Зарегистрирована в системе;3 порядок;Брокер;Активна
N7701068260005814;14-09 ИП Толузаков Евгений Константинович Краснодарский край, г Славянск-на-Кубани, ул Ковтюха, д 74;Т-Финанс;Зарегистрирована в системе;3 порядок;Брокер;Активна
N7701068260005815;14-09 ИП КОЗЛОВ ВЛАДИМИР СЕРАФИМОВИЧ Краснодарский край, г Славянск-на-Кубани, ул Больничная, д 18;Т-Финанс;Зарегистрирована в системе;3 порядок;Брокер;Активна
N7701068260005813;14-09 ИП Должкова Лада Александровна Краснодарский край, г Славянск-на-Кубани, ул Ковтюха, д 89А;Т-Финанс;Зарегистрирована в системе;3 порядок;Брокер;Активна
N7701068260005812;14-09 ИП Шевченко Андрей Викторович Краснодарский край, г Славянск-на-Кубани, ул Красная, д 64;Т-Финанс;Зарегистрирована в системе;3 порядок;Брокер;Активна
N7701068260005811;14-09 ИП Кабыщенко Екатерина Васильевна г Славянск-на-Кубани, ул Краснодарская, д 265;Т-Финанс;Зарегистрирована в системе;3 порядок;Брокер;Активна
N7701068260005810;14-09 ИП Таран Юрий Николаевич Краснодарский край, г Славянск-на-Кубани, ул Пионерская, д 10;Т-Финанс;Зарегистрирована в системе;3 порядок;Брокер;Активна
N7701068260005809;14-09 ИП КОЗЛОВ СЕРГЕЙ ВЛАДИМИРОВИЧ г Славянск-на-Кубани, ул Пролетарская, д 246А;Т-Финанс;Зарегистрирована в системе;3 порядок;Брокер;Активна
N77010682600011211;14-09 ИП Торосян Карен Владимирович Краснодарский край, г Славянск-на-Кубани, ул Пролетарская, д 50А;Т-Финанс;Зарегистрирована в системе;3 порядок;Брокер;Активна
N77010682600011187;14-09 ИП Пупышев Владислав Юрьевич Краснодарский край, г Славянск-на-Кубани, ул Ковтюха, д 25;Т-Финанс;Зарегистрирована в системе;3 порядок;Брокер;Активна
N77010682600011186;14-09 ИП БИРЮКОВА НАТАЛЬЯ ГРИГОРЬЕВНА Краснодарский край, г Славянск-на-Кубани, ул Красная, д 68;Т-Финанс;Зарегистрирована в системе;3 порядок;Брокер;Активна
N77010682600011210;14-09 ИП ХАЛИН МИХАИЛ НИКОЛАЕВИЧ Краснодарский край, г Славянск-на-Кубани, ул Победы, д 337;Т-Финанс;Зарегистрирована в системе;3 порядок;Брокер;Активна
